Unnamed: 0,Car Make,Car Model,Year,Engine Size (L),Horsepower,Torque (lb-ft),0-60 MPH Time (seconds),Price (in USD),Engine Displacement Category,Acceleration Category
0,Porsche,911,2022,3.0,379.0,331.0,4.0,101200.0,Medium,Fast
1,Lamborghini,Huracan,2021,5.2,630.0,443.0,2.8,274390.0,Large,Fast
2,Ferrari,488 GTB,2022,3.9,661.0,561.0,3.0,333750.0,Medium,Fast
3,Audi,R8,2022,5.2,562.0,406.0,3.2,142700.0,Large,Fast
4,McLaren,720S,2021,4.0,710.0,568.0,2.7,298000.0,Medium,Fast
5,BMW,M8,2022,4.4,617.0,553.0,3.1,130000.0,Large,Fast
6,Mercedes-Benz,AMG GT,2021,4.0,523.0,494.0,3.8,118500.0,Medium,Fast
7,Chevrolet,Corvette,2021,6.2,490.0,465.0,2.8,59900.0,Extra Large,Fast
8,Ford,Mustang Shelby GT500,2022,5.2,760.0,625.0,3.5,81000.0,Large,Fast
9,Nissan,GT-R Nismo,2021,3.8,600.0,481.0,2.5,212000.0,Medium,Fast
10,Aston Martin,DB11,2021,5.2,630.0,516.0,3.5,201495.0,Large,Fast
11,Bugatti,Chiron,2021,8.0,1500.0,1180.0,2.4,3000000.0,Extra Large,Fast
12,Dodge,Challenger SRT Hellcat,2022,6.2,717.0,656.0,3.5,61000.0,Extra Large,Fast
13,Jaguar,F-Type,2022,3.0,296.0,295.0,5.4,70100.0,Medium,Medium
14,Koenigsegg,Jesko,2021,5.0,1280.0,1015.0,2.5,2800000.0,Large,Fast
15,Lexus,LC 500,2021,5.0,471.0,398.0,4.4,92950.0,Large,Fast
16,Lotus,Evora GT,2021,3.5,416.0,317.0,3.8,104450.0,Medium,Fast
17,Maserati,GranTurismo,2021,4.7,454.0,384.0,4.8,150000.0,Large,Fast
18,Porsche,Boxster,2021,2.0,300.0,280.0,4.7,62000.0,Small,Fast
19,Alfa Romeo,Giulia Quadrifoglio,2022,2.9,505.0,443.0,3.8,78000.0,Medium,Fast
20,Ariel,Atom,2021,2.0,320.0,243.0,2.8,75000.0,Small,Fast
21,Bentley,Continental GT,2021,6.0,626.0,664.0,3.6,225000.0,Large,Fast
22,McLaren,Artura,2022,3.0,671.0,531.0,3.0,225000.0,Medium,Fast
23,Mercedes-AMG,SLS AMG,2021,6.2,622.0,468.0,3.5,248000.0,Extra Large,Fast
24,Pagani,Huayra,2021,6.0,720.0,737.0,2.8,2800000.0,Large,Fast
25,Polestar,1,2021,2.0,600.0,738.0,4.1,155000.0,Small,Fast
26,Rimac,Nevera,2022,,1914.0,1696.0,1.85,2400000.0,,Fast
27,Porsche,Cayman GT4,2022,4.0,414.0,309.0,3.8,100200.0,Medium,Fast
28,Lamborghini,Aventador SVJ,2021,6.5,759.0,531.0,2.8,517770.0,Extra Large,Fast
29,Ferrari,SF90 Stradale,2021,4.0,986.0,590.0,2.5,625000.0,Medium,Fast
30,Audi,RS7,2022,4.0,591.0,590.0,3.5,117000.0,Medium,Fast
31,McLaren,Artura,2021,3.0,671.0,531.0,3.0,225000.0,Medium,Fast
32,BMW,M4,2022,3.0,503.0,479.0,3.8,72800.0,Medium,Fast
33,Mercedes-Benz,SLS AMG,2015,6.2,622.0,468.0,3.2,222000.0,Extra Large,Fast
34,Chevrolet,Camaro ZL1,2021,6.2,650.0,650.0,3.5,64695.0,Extra Large,Fast
35,Ford,GT,2022,3.5,660.0,550.0,3.0,500000.0,Medium,Fast
36,Nissan,370Z Nismo,2021,3.7,350.0,276.0,4.5,45690.0,Medium,Fast
37,Porsche,Taycan 4S,2022,,562.0,479.0,3.8,104000.0,,Fast
38,Lamborghini,Urus,2021,4.0,641.0,626.0,3.5,218000.0,Medium,Fast
39,Ferrari,Roma,2021,3.9,611.0,561.0,3.3,222000.0,Medium,Fast
40,Audi,RS3,2022,2.5,394.0,369.0,3.9,57000.0,Medium,Fast
41,McLaren,GT,2021,4.0,612.0,465.0,3.1,210000.0,Medium,Fast
42,BMW,i8,2020,,369.0,420.0,4.2,148500.0,,Fast
43,Mercedes-Benz,CLS63 AMG,2019,4.0,603.0,627.0,3.4,132000.0,Medium,Fast
44,Porsche,Cayman,2021,2.0,300.0,280.0,5.1,58900.0,Small,Medium
45,Lamborghini,Aventador SVJ,2021,6.5,759.0,531.0,2.8,518000.0,Extra Large,Fast
47,Audi,RS3,2022,2.5,394.0,369.0,3.9,56200.0,Medium,Fast
48,McLaren,570S,2021,3.8,562.0,443.0,2.8,192500.0,Medium,Fast
49,BMW,M4,2022,3.0,503.0,479.0,3.8,71800.0,Medium,Fast
50,Mercedes-Benz,AMG C63,2021,4.0,503.0,516.0,3.8,68000.0,Medium,Fast
51,Chevrolet,Camaro SS,2021,6.2,455.0,455.0,4.1,42500.0,Extra Large,Fast
52,Ford,Mustang GT,2022,5.0,460.0,420.0,4.3,39000.0,Large,Fast
53,Nissan,370Z Nismo,2021,3.7,350.0,276.0,4.8,46100.0,Medium,Fast
54,Aston Martin,Vantage,2021,4.0,503.0,505.0,3.5,142100.0,Medium,Fast
55,Lotus,Evora GT,2021,3.5,416.0,317.0,3.8,105000.0,Medium,Fast
56,Porsche,Panamera,2021,2.9,325.0,331.0,5.1,87200.0,Medium,Medium
57,Lamborghini,Urus,2021,4.0,641.0,627.0,3.2,218000.0,Medium,Fast
58,Ferrari,Roma,2021,3.9,612.0,560.0,3.4,222000.0,Medium,Fast
59,Audi,S5,2022,3.0,349.0,369.0,4.4,52500.0,Medium,Fast
60,McLaren,600LT,2021,3.8,592.0,457.0,2.8,241000.0,Medium,Fast
61,BMW,M5,2022,4.4,600.0,553.0,3.2,103500.0,Large,Fast
62,Aston Martin,Vantage,2022,4.0,503.0,505.0,3.5,146000.0,Medium,Fast
63,Audi,RS5,2021,2.9,444.0,443.0,3.6,75400.0,Medium,Fast
64,BMW,M2,2022,3.0,405.0,406.0,4.0,58900.0,Medium,Fast
65,Chevrolet,Camaro SS,2021,6.2,455.0,455.0,4.0,42900.0,Extra Large,Fast
66,Dodge,Challenger SRT Hellcat Redeye,2022,6.2,797.0,707.0,3.4,78595.0,Extra Large,Fast
67,Ford,GT,2021,3.5,660.0,550.0,3.0,500000.0,Medium,Fast
68,Jaguar,F-Type,2022,2.0,296.0,295.0,5.4,62750.0,Small,Medium
69,Lamborghini,Aventador,2021,6.5,770.0,531.0,2.9,417826.0,Extra Large,Fast
70,Maserati,GranTurismo,2021,4.7,454.0,384.0,4.7,150980.0,Large,Fast
72,Mercedes-Benz,C63 AMG,2021,4.0,503.0,516.0,3.8,70100.0,Medium,Fast
73,Nissan,370Z,2021,3.7,332.0,270.0,5.0,30090.0,Medium,Medium
74,Porsche,Panamera,2022,2.9,325.0,331.0,5.3,88700.0,Medium,Medium
75,Audi,TT RS,2021,2.5,394.0,354.0,3.6,67600.0,Medium,Fast
76,BMW,M4,2022,3.0,473.0,406.0,4.1,72800.0,Medium,Fast
77,Chevrolet,Corvette Stingray,2021,6.2,490.0,465.0,2.8,59900.0,Extra Large,Fast
78,Ferrari,F8 Tributo,2021,3.9,710.0,568.0,2.8,274280.0,Medium,Fast
79,Ford,Mustang Mach 1,2021,5.0,480.0,420.0,4.3,52915.0,Large,Fast
80,Lamborghini,Urus,2021,4.0,641.0,627.0,3.6,218009.0,Medium,Fast
81,Porsche,718 Cayman,2022,2.0,300.0,280.0,4.5,61000.0,Small,Fast
82,Acura,NSX,2022,3.5,573.0,476.0,2.9,159495.0,Medium,Fast
83,Aston Martin,Vantage,2022,4.0,503.0,505.0,3.5,142086.0,Medium,Fast
84,Bentley,Continental GT,2021,6.0,626.0,664.0,3.3,219800.0,Large,Fast
85,Bugatti,Chiron,2022,8.0,1500.0,1180.0,2.4,3000000.0,Extra Large,Fast
86,Dodge,Challenger SRT Hellcat Redeye,2022,6.2,797.0,707.0,3.4,74290.0,Extra Large,Fast
87,Jaguar,F-Type,2022,3.0,380.0,339.0,4.9,71900.0,Medium,Fast
88,Koenigsegg,Jesko,2022,5.0,1600.0,1106.0,2.5,3000000.0,Large,Fast
89,Lexus,LC 500,2022,5.0,471.0,398.0,4.4,92950.0,Large,Fast
91,Maserati,GranTurismo,2022,4.7,454.0,384.0,4.7,134300.0,Large,Fast
92,Mazda,MX-5 Miata,2021,2.0,181.0,151.0,6.5,26830.0,Small,Medium
93,McLaren,GT,2022,4.0,620.0,465.0,3.1,213195.0,Medium,Fast
94,Mercedes-Benz,SLS AMG,2015,6.2,622.0,468.0,3.7,221580.0,Extra Large,Fast
95,Pagani,Huayra,2022,6.0,764.0,738.0,2.8,2800000.0,Large,Fast
96,Porsche,718 Cayman GT4,2022,4.0,414.0,309.0,4.2,100550.0,Medium,Fast
97,Rimac,Nevera,2022,,1914.0,1696.0,1.95,2400000.0,,Fast
98,Rolls-Royce,Wraith,2021,6.8,624.0,605.0,4.4,330000.0,Extra Large,Fast
99,Tesla,Roadster,2022,,,737.0,1.9,200000.0,,Fast
100,Toyota,Supra,2022,3.0,382.0,368.0,3.9,43090.0,Medium,Fast
101,W Motors,Fenyr Supersport,2022,3.8,800.0,723.0,2.7,1700000.0,Medium,Fast
102,Porsche,718 Cayman,2022,2.0,300.0,280.0,4.7,60500.0,Small,Fast
103,Lamborghini,Aventador,2021,6.5,770.0,531.0,2.9,522000.0,Extra Large,Fast
105,Audi,TT RS,2022,2.5,394.0,354.0,3.4,67000.0,Medium,Fast
106,McLaren,GT,2021,4.0,612.0,465.0,3.1,212500.0,Medium,Fast
107,BMW,M4,2022,3.0,503.0,479.0,3.8,75000.0,Medium,Fast
108,Mercedes-Benz,SL 63 AMG,2021,4.0,603.0,664.0,3.5,155000.0,Medium,Fast
109,Chevrolet,Camaro ZL1,2021,6.2,650.0,650.0,3.5,64000.0,Extra Large,Fast
110,Ford,GT,2022,3.5,660.0,550.0,2.8,500000.0,Medium,Fast
111,Nissan,370Z,2021,3.7,332.0,270.0,4.7,31015.0,Medium,Fast
112,Aston Martin,DBS Superleggera,2021,5.2,715.0,664.0,3.4,304995.0,Large,Fast
115,McLaren,570S,2021,3.8,562.0,443.0,3.2,192500.0,Medium,Fast
116,Porsche,Panamera Turbo S E-Hybrid,2021,4.0,690.0,642.0,3.2,190000.0,Medium,Fast
117,Lamborghini,Urus,2021,4.0,641.0,627.0,3.6,222000.0,Medium,Fast
119,Audi,RS7,2021,4.0,591.0,590.0,3.5,115000.0,Medium,Fast
120,BMW,M2,2022,3.0,405.0,406.0,4.2,59000.0,Medium,Fast
121,Porsche,Cayman GT4,2022,4.0,414.0,309.0,4.2,102100.0,Medium,Fast
122,Lamborghini,Aventador,2021,6.5,730.0,509.0,2.9,417826.0,Extra Large,Fast
123,Aston Martin,DBS Superleggera,2021,5.2,715.0,664.0,3.2,304995.0,Large,Fast
124,Bentley,Continental GT,2021,6.0,626.0,664.0,3.6,220300.0,Large,Fast
125,Audi,RS7,2022,4.0,591.0,590.0,3.5,114000.0,Medium,Fast
126,Mercedes-Benz,SLS AMG,2021,6.2,622.0,468.0,3.7,239100.0,Extra Large,Fast
127,McLaren,570S,2021,3.8,562.0,443.0,3.1,192500.0,Medium,Fast
129,Chevrolet,Camaro ZL1,2021,6.2,650.0,650.0,3.5,62500.0,Extra Large,Fast
130,Dodge,Challenger SRT Hellcat,2021,6.2,717.0,656.0,3.5,65290.0,Extra Large,Fast
131,Ferrari,Portofino,2021,3.9,592.0,560.0,3.5,219750.0,Medium,Fast
132,Porsche,Panamera Turbo S,2022,4.0,620.0,604.0,2.9,187700.0,Medium,Fast
133,Lamborghini,Urus,2021,4.0,641.0,627.0,3.6,222004.0,Medium,Fast
134,Mercedes-Benz,AMG C63,2021,4.0,469.0,479.0,3.8,71350.0,Medium,Fast
135,Aston Martin,Vantage,2021,4.0,503.0,505.0,3.6,146000.0,Medium,Fast
137,Porsche,Cayman,2022,2.5,365.0,309.0,4.5,68900.0,Medium,Fast
138,Lamborghini,Aventador,2021,6.5,730.0,507.0,2.8,517770.0,Extra Large,Fast
139,Ferrari,F8 Tributo,2022,3.9,710.0,568.0,2.9,276550.0,Medium,Fast
142,BMW,Z4 M40i,2022,3.0,382.0,369.0,3.9,63700.0,Medium,Fast
144,Chevrolet,Camaro SS,2022,6.2,455.0,455.0,4.1,44000.0,Extra Large,Fast
145,Ford,Mustang Mach 1,2021,5.0,480.0,420.0,4.0,51720.0,Large,Fast
146,Nissan,370Z Nismo,2021,3.7,350.0,276.0,4.9,45790.0,Medium,Fast
147,Porsche,Panamera,2022,2.9,325.0,331.0,5.4,88550.0,Medium,Medium
148,Lamborghini,Urus,2021,4.0,641.0,627.0,3.5,218009.0,Medium,Fast
149,Ferrari,Roma,2021,3.9,612.0,561.0,3.3,222620.0,Medium,Fast
150,Audi,RS 3,2022,2.5,401.0,369.0,3.6,56200.0,Medium,Fast
151,McLaren,GT,2021,4.0,612.0,465.0,3.2,200000.0,Medium,Fast
152,BMW,M2 CS,2022,3.0,444.0,406.0,3.8,84595.0,Medium,Fast
153,Mercedes-Benz,AMG C63,2021,4.0,503.0,516.0,3.8,77500.0,Medium,Fast
155,Acura,NSX,2021,3.5,573.0,476.0,2.7,157500.0,Medium,Fast
156,Aston Martin,DB11,2022,4.0,503.0,513.0,3.7,204100.0,Medium,Fast
157,Bentley,Continental GT,2021,6.0,626.0,664.0,3.4,220300.0,Large,Fast
159,Dodge,Viper,2017,8.4,645.0,600.0,3.3,120000.0,Extra Large,Fast
160,Jaguar,F-Type,2022,3.0,380.0,339.0,4.9,69900.0,Medium,Fast
163,Lotus,Evora GT,2021,3.5,416.0,317.0,3.8,105950.0,Medium,Fast
164,Maserati,GranTurismo,2020,4.7,454.0,384.0,4.8,150000.0,Large,Fast
165,McLaren,570S,2020,3.8,562.0,443.0,3.1,204550.0,Medium,Fast
166,Pagani,Huayra,2020,6.0,720.0,738.0,3.0,2700000.0,Large,Fast
167,Porsche,Cayman GT4,2022,4.0,414.0,309.0,4.2,102900.0,Medium,Fast
168,Rimac,C_Two,2022,4.0,1914.0,1696.0,1.9,2400000.0,Medium,Fast
169,Rolls-Royce,Wraith,2021,6.6,624.0,605.0,4.3,330000.0,Extra Large,Fast
170,Shelby,Cobra,1965,7.0,435.0,440.0,4.2,1000000.0,Extra Large,Fast
171,Tesla,Model S Plaid,2021,4.0,1020.0,1050.0,1.98,131190.0,Medium,Fast
172,Toyota,GR Supra,2022,3.0,382.0,368.0,3.9,43090.0,Medium,Fast
173,TVR,Griffith,2022,5.0,500.0,479.0,3.8,123500.0,Large,Fast
174,W Motors,Lykan Hypersport,2015,3.7,780.0,708.0,2.8,3400000.0,Medium,Fast
175,Porsche,718 Cayman,2021,2.0,300.0,280.0,4.5,61500.0,Small,Fast
176,Lamborghini,Aventador SVJ,2021,6.5,770.0,531.0,2.8,518000.0,Extra Large,Fast
177,Ferrari,SF90 Stradale,2022,4.0,986.0,590.0,2.5,507000.0,Medium,Fast
178,Audi,RS 6,2021,4.0,591.0,590.0,3.5,109000.0,Medium,Fast
181,Mercedes-Benz,SLS AMG,2015,6.2,622.0,468.0,3.6,228000.0,Extra Large,Fast
182,Chevrolet,Camaro SS,2021,6.2,455.0,455.0,4.0,42000.0,Extra Large,Fast
184,Nissan,370Z Nismo,2021,3.7,350.0,276.0,5.0,45000.0,Medium,Medium
185,Porsche,Taycan,2021,,750.0,774.0,2.6,185000.0,,Fast
187,Ferrari,F8 Tributo,2021,3.9,710.0,568.0,2.9,276550.0,Medium,Fast
188,Audi,RS 3,2022,2.5,401.0,354.0,3.5,56000.0,Medium,Fast
189,McLaren,570S,2021,3.8,562.0,443.0,3.1,191000.0,Medium,Fast
190,BMW,M5,2022,4.4,600.0,553.0,3.2,104000.0,Large,Fast
191,Mercedes-Benz,AMG C 63,2021,4.0,469.0,479.0,3.9,69900.0,Medium,Fast
193,Porsche,Taycan,2022,2.0,402.0,254.0,5.1,81250.0,Small,Medium
194,Lamborghini,Aventador,2021,6.5,730.0,509.0,2.9,517700.0,Extra Large,Fast
195,Aston Martin,DBS Superleggera,2022,5.2,715.0,663.0,3.4,330000.0,Large,Fast
196,Audi,RS 6 Avant,2021,4.0,591.0,590.0,3.5,109000.0,Medium,Fast
197,McLaren,600LT,2021,3.8,592.0,457.0,2.8,242500.0,Medium,Fast
198,Mercedes-AMG,C 63 S Coupe,2022,4.0,503.0,516.0,3.7,77000.0,Medium,Fast
200,Chevrolet,Camaro ZL1,2021,6.2,650.0,650.0,3.5,62000.0,Extra Large,Fast
201,Dodge,Challenger SRT Hellcat Redeye,2022,6.2,797.0,707.0,3.5,76000.0,Extra Large,Fast
202,Ford,GT,2022,3.5,660.0,550.0,2.9,500000.0,Medium,Fast
203,Nissan,370Z,2021,3.7,332.0,270.0,4.9,30090.0,Medium,Fast
204,Porsche,Panamera,2022,2.9,325.0,332.0,5.3,87200.0,Medium,Medium
206,Bugatti,Chiron,2021,8.0,1500.0,1180.0,2.3,3000000.0,Extra Large,Fast
207,Ferrari,F8 Tributo,2021,3.9,710.0,568.0,2.9,274280.0,Medium,Fast
208,Audi,RS 7,2021,4.0,591.0,590.0,3.5,114000.0,Medium,Fast
211,Jaguar,F-Type,2022,5.0,575.0,516.0,3.5,103200.0,Large,Fast
212,Porsche,Panamera Turbo S,2021,4.0,620.0,604.0,2.9,177700.0,Medium,Fast
213,Lamborghini,Aventador S,2021,6.5,729.0,509.0,2.9,417650.0,Extra Large,Fast
215,Audi,RS7,2022,4.0,591.0,590.0,3.5,115045.0,Medium,Fast
216,McLaren,600LT,2021,3.8,592.0,457.0,2.9,256500.0,Medium,Fast
217,BMW,M2 Competition,2022,3.0,405.0,406.0,4.0,59895.0,Medium,Fast
218,Mercedes-Benz,S63 AMG,2021,4.0,603.0,664.0,3.4,152500.0,Medium,Fast
220,Dodge,Challenger SRT Hellcat,2022,6.2,717.0,656.0,3.5,69995.0,Extra Large,Fast
222,Porsche,Taycan Turbo S,2021,4.0,750.0,774.0,2.6,185000.0,Medium,Fast
223,Lamborghini,Urus,2021,4.0,641.0,627.0,3.2,218009.0,Medium,Fast
224,Ferrari,812 Superfast,2021,6.5,789.0,530.0,2.9,363730.0,Extra Large,Fast
225,Audi,R8 Spyder,2022,5.2,562.0,406.0,3.5,183300.0,Large,Fast
227,BMW,M4,2022,3.0,473.0,406.0,4.1,73795.0,Medium,Fast
228,Mercedes-Benz,AMG GT R,2021,4.0,577.0,516.0,3.5,183000.0,Medium,Fast
229,Chevrolet,Corvette Stingray,2021,6.2,495.0,470.0,2.9,60995.0,Extra Large,Fast
230,Aston Martin,DB11,2022,5.2,630.0,516.0,3.5,207000.0,Large,Fast
231,Bentley,Continental GT,2022,6.0,626.0,664.0,3.5,203825.0,Large,Fast
232,Jaguar,F-Type R,2021,5.0,575.0,516.0,3.5,103200.0,Large,Fast
233,Acura,NSX,2022,3.5,573.0,476.0,2.7,157500.0,Medium,Fast
234,Lotus,Evora GT,2021,3.5,416.0,317.0,3.7,99800.0,Medium,Fast
235,Porsche,Cayman GT4,2021,4.0,414.0,309.0,4.2,100200.0,Medium,Fast
236,Alfa Romeo,4C,2020,1.7,237.0,258.0,4.1,67150.0,Small,Fast
237,Audi,RS5,2022,2.9,444.0,443.0,3.7,77250.0,Medium,Fast
238,BMW,M2 Competition,2021,3.0,405.0,406.0,4.0,58900.0,Medium,Fast
240,Dodge,Charger SRT Hellcat,2022,6.2,717.0,650.0,3.6,71490.0,Extra Large,Fast
243,Maserati,GranTurismo,2020,4.7,454.0,384.0,4.8,150400.0,Large,Fast
244,Nissan,370Z Nismo,2021,3.7,350.0,276.0,4.6,47820.0,Medium,Fast
245,Rolls-Royce,Wraith,2022,6.8,624.0,605.0,4.4,330000.0,Extra Large,Fast
246,Subaru,WRX STI,2021,2.5,310.0,290.0,4.6,38170.0,Medium,Fast
247,Tesla,Model S Plaid,2022,4.0,1020.0,1050.0,1.9,131190.0,Medium,Fast
248,Porsche,Cayman GT4,2021,4.0,414.0,309.0,4.2,102000.0,Medium,Fast
249,Lamborghini,Aventador,2021,6.5,729.0,507.0,2.9,393695.0,Extra Large,Fast
250,Ferrari,Portofino,2022,3.9,591.0,413.0,3.3,218750.0,Medium,Fast
251,Audi,RS7,2021,4.0,591.0,590.0,3.5,114000.0,Medium,Fast
252,McLaren,600LT,2021,3.8,592.0,457.0,2.8,256500.0,Medium,Fast
255,Chevrolet,Camaro SS,2021,6.2,455.0,455.0,4.1,40590.0,Extra Large,Fast
256,Ford,Mustang Mach 1,2021,5.0,480.0,420.0,4.0,52720.0,Large,Fast
257,Nissan,370Z Nismo,2021,3.7,350.0,276.0,4.6,45000.0,Medium,Fast
258,Porsche,Panamera Turbo,2022,4.0,620.0,604.0,3.1,174300.0,Medium,Fast
259,Lamborghini,Urus,2021,4.0,641.0,627.0,3.2,222004.0,Medium,Fast
260,Ferrari,SF90 Stradale,2022,4.0,986.0,590.0,2.5,625000.0,Medium,Fast
261,Audi,TT RS,2022,2.5,394.0,354.0,3.4,67895.0,Medium,Fast
263,Dodge,Challenger SRT Hellcat,2021,6.2,717.0,656.0,3.5,62290.0,Extra Large,Fast
264,Aston Martin,DBS Superleggera,2021,5.2,715.0,663.0,3.2,304995.0,Large,Fast
266,Lexus,LC 500,2022,5.0,471.0,398.0,4.4,93050.0,Large,Fast
267,Porsche,Cayman GT4,2022,4.0,414.0,309.0,4.2,101200.0,Medium,Fast
269,Audi,RS 5 Coupe,2021,2.9,444.0,443.0,3.7,75100.0,Medium,Fast
270,Chevrolet,Camaro ZL1,2021,6.2,650.0,650.0,3.5,64195.0,Extra Large,Fast
271,Lotus,Evora GT,2022,3.5,416.0,317.0,3.8,105000.0,Medium,Fast
272,McLaren,GT,2021,4.0,612.0,465.0,3.1,211000.0,Medium,Fast
273,Mercedes-Benz,SLS AMG Black Series,2014,6.2,622.0,468.0,3.5,275000.0,Extra Large,Fast
274,Bugatti,Chiron,2021,8.0,1500.0,1180.0,2.4,2998000.0,Extra Large,Fast
275,Koenigsegg,Jesko,2021,5.0,1280.0,1015.0,2.5,3000000.0,Large,Fast
277,Lamborghini,Aventador SVJ,2020,6.5,770.0,531.0,2.8,573966.0,Extra Large,Fast
278,Rimac,C_Two,2022,,1914.0,1732.0,1.85,2400000.0,,Fast
279,Pagani,Huayra Roadster BC,2021,6.0,791.0,774.0,2.5,3500000.0,Large,Fast
280,Pininfarina,Battista,2022,,1874.0,1696.0,1.9,2500000.0,,Fast
281,Acura,NSX,2022,3.5,573.0,476.0,2.9,157500.0,Medium,Fast
282,Aston Martin,Vantage,2021,4.0,503.0,505.0,3.5,146000.0,Medium,Fast
283,Bentley,Continental GT,2022,4.0,542.0,568.0,3.9,219800.0,Medium,Fast
284,Dodge,Challenger SRT Hellcat,2022,6.2,717.0,656.0,3.5,70000.0,Extra Large,Fast
285,Jaguar,F-Type,2022,2.0,296.0,295.0,5.4,61600.0,Small,Medium
286,Kia,Stinger,2022,3.3,368.0,376.0,4.7,52200.0,Medium,Fast
287,Lotus,Evora GT,2021,3.5,416.0,317.0,3.8,100450.0,Medium,Fast
288,Maserati,GranTurismo,2021,4.7,454.0,384.0,4.8,134300.0,Large,Fast
289,Porsche,718 Cayman GT4,2022,4.0,414.0,309.0,4.2,102550.0,Medium,Fast
290,Alfa Romeo,Giulia Quadrifoglio,2021,2.9,505.0,443.0,3.8,76400.0,Medium,Fast
293,Chevrolet,Camaro ZL1,2022,6.2,650.0,650.0,3.5,69000.0,Extra Large,Fast
295,Lamborghini,Aventador,2021,6.5,770.0,531.0,2.8,417826.0,Extra Large,Fast
297,Mercedes-Benz,SLS AMG,2021,4.0,577.0,516.0,3.6,247500.0,Medium,Fast
298,Nissan,370Z Nismo,2021,3.7,350.0,276.0,4.8,45790.0,Medium,Fast
299,Porsche,Taycan,2022,,616.0,774.0,2.6,79900.0,,Fast
300,Tesla,Model S,2022,,1020.0,1050.0,1.98,119000.0,,Fast
301,Aston Martin,DBS Superleggera,2022,5.2,715.0,664.0,3.2,307820.0,Large,Fast
302,Bentley,Continental GT,2022,4.0,542.0,568.0,3.4,207825.0,Medium,Fast
303,Bugatti,Chiron,2021,8.0,1479.0,1180.0,2.3,2998000.0,Extra Large,Fast
304,McLaren,570S,2021,3.8,562.0,443.0,3.1,202500.0,Medium,Fast
305,Porsche,Taycan Turbo S,2021,,750.0,774.0,2.6,185000.0,,Fast
306,Lamborghini,Aventador S,2021,6.5,730.0,509.0,2.9,417826.0,Extra Large,Fast
307,Ferrari,F8 Tributo,2022,3.9,710.0,568.0,2.8,276550.0,Medium,Fast
308,Audi,RS 7,2022,4.0,591.0,590.0,3.5,114000.0,Medium,Fast
309,BMW,M2 CS,2022,3.0,444.0,406.0,4.0,84595.0,Medium,Fast
310,Mercedes-Benz,SLS AMG,2021,6.2,622.0,468.0,3.2,275000.0,Extra Large,Fast
311,Chevrolet,Camaro ZL1,2021,6.2,650.0,650.0,3.5,63000.0,Extra Large,Fast
313,Jaguar,F-Type,2021,5.0,575.0,516.0,3.5,103200.0,Large,Fast
314,Lotus,Evora GT,2021,3.5,416.0,317.0,3.8,96950.0,Medium,Fast
315,Maserati,GranTurismo,2022,4.7,454.0,384.0,4.8,134300.0,Large,Fast
316,McLaren,765LT,2021,4.0,755.0,590.0,2.8,358000.0,Medium,Fast
317,Nissan,370Z,2021,3.7,332.0,270.0,5.0,30000.0,Medium,Medium
318,Pagani,Huayra,2021,6.0,730.0,738.0,3.0,2600000.0,Large,Fast
319,Porsche,Panamera Turbo S,2021,4.0,620.0,604.0,2.9,180000.0,Medium,Fast
320,Tesla,Model S Plaid,2021,,1020.0,1050.0,1.9,131100.0,,Fast
321,Aston Martin,DB11,2021,4.0,503.0,513.0,4.0,201495.0,Medium,Fast
322,Dodge,Challenger Hellcat Redeye,2022,6.2,797.0,707.0,3.4,82190.0,Extra Large,Fast
323,Lotus,Evora,2021,3.5,416.0,317.0,3.8,96950.0,Medium,Fast
324,Acura,NSX,2021,3.5,573.0,476.0,2.7,159495.0,Medium,Fast
325,Alfa Romeo,Giulia Quadrifoglio,2021,2.9,505.0,443.0,3.8,76950.0,Medium,Fast
326,Bentley,Continental GT,2021,6.0,626.0,664.0,3.3,202500.0,Large,Fast
327,Jaguar,F-Type,2022,3.0,380.0,339.0,4.9,70100.0,Medium,Fast
328,Koenigsegg,Jesko,2022,5.0,1280.0,1015.0,2.5,3000000.0,Large,Fast
330,Maserati,GranTurismo,2022,4.7,454.0,384.0,4.8,132795.0,Large,Fast
331,McLaren,GT,2022,4.0,612.0,465.0,3.1,215500.0,Medium,Fast
332,Mercedes-AMG,C 63 S Coupe,2022,4.0,503.0,516.0,3.7,80900.0,Medium,Fast
333,Porsche,718 Cayman,2021,2.0,300.0,280.0,4.9,59900.0,Small,Fast
334,Rolls-Royce,Wraith,2021,6.8,624.0,605.0,4.3,330000.0,Extra Large,Fast
335,Tesla,Roadster,2022,,,,1.9,200000.0,,Fast
336,Chevrolet,Camaro SS,2021,6.2,455.0,455.0,4.0,40000.0,Extra Large,Fast
339,Aston Martin,DB11,2021,5.2,630.0,516.0,3.7,209000.0,Large,Fast
340,Bentley,Continental GT,2022,4.0,542.0,568.0,3.9,202500.0,Medium,Fast
342,Dodge,Challenger Hellcat,2022,6.2,717.0,656.0,3.5,67500.0,Extra Large,Fast
344,Koenigsegg,Jesko,2022,5.0,1280.0,1106.0,2.5,2800000.0,Large,Fast
345,Lexus,LC,2021,5.0,471.0,398.0,4.4,92950.0,Large,Fast
346,Lotus,Evora GT,2021,3.5,416.0,317.0,3.8,104200.0,Medium,Fast
347,Maserati,GranTurismo,2021,4.7,454.0,384.0,4.7,133050.0,Large,Fast
348,McLaren,570S,2021,3.8,562.0,443.0,3.1,196350.0,Medium,Fast
349,Mercedes-Benz,AMG C63,2022,4.0,503.0,516.0,3.8,69900.0,Medium,Fast
350,Pagani,Huayra BC,2021,6.0,791.0,774.0,2.7,2600000.0,Large,Fast
353,Rolls-Royce,Wraith,2021,6.7,624.0,605.0,4.4,338000.0,Extra Large,Fast
354,Tesla,Roadster,2022,,,,1.9,200000.0,,Fast
356,Aston Martin,Vantage,2021,4.0,503.0,505.0,3.5,150000.0,Medium,Fast
357,Bentley,Continental GT,2021,6.0,626.0,664.0,3.6,218400.0,Large,Fast
358,Dodge,Challenger SRT Hellcat Redeye,2021,6.2,797.0,707.0,3.5,73000.0,Extra Large,Fast
359,Jaguar,F-Type R,2022,5.0,575.0,516.0,3.5,103200.0,Large,Fast
361,Lotus,Evora GT,2021,3.5,416.0,317.0,3.8,104970.0,Medium,Fast
362,Maserati,GranTurismo,2021,4.7,454.0,384.0,4.8,132400.0,Large,Fast
363,Porsche,Cayman GT4,2021,4.0,414.0,309.0,4.2,101200.0,Medium,Fast
364,Tesla,Roadster,2023,,,737.0,,200000.0,,Unknown
365,Alpine,A110,2021,1.8,288.0,236.0,4.4,71500.0,Small,Fast
367,BMW,M4,2021,3.0,473.0,406.0,4.1,71800.0,Medium,Fast
369,Dodge,Viper,2017,8.4,645.0,600.0,3.3,118795.0,Extra Large,Fast
370,Ferrari,Portofino,2021,3.9,591.0,560.0,3.5,218750.0,Medium,Fast
371,Jaguar,F-Type,2022,3.0,296.0,295.0,5.4,61600.0,Medium,Medium
372,Lamborghini,Aventador SVJ,2021,6.5,770.0,531.0,2.8,517700.0,Extra Large,Fast
373,McLaren,600LT,2021,3.8,592.0,457.0,2.8,240000.0,Medium,Fast
374,Aston Martin,DB11,2021,5.2,630.0,516.0,3.5,221400.0,Large,Fast
375,Bentley,Continental GT,2021,6.0,626.0,664.0,3.6,202500.0,Large,Fast
377,Dodge,Challenger SRT Hellcat,2021,6.2,717.0,656.0,3.5,64100.0,Extra Large,Fast
379,Koenigsegg,Jesko,2022,5.0,1280.0,1015.0,2.5,2800000.0,Large,Fast
382,Maserati,GranTurismo,2021,4.7,454.0,384.0,4.8,150980.0,Large,Fast
384,Mercedes-AMG,C 63 S,2022,4.0,503.0,516.0,3.7,81550.0,Medium,Fast
385,Pagani,Huayra,2021,6.0,764.0,738.0,2.8,3500000.0,Large,Fast
386,Porsche,Cayman GT4,2021,4.0,414.0,309.0,4.2,102550.0,Medium,Fast
387,Rimac,C_Two,2022,4.0,1888.0,1696.0,1.8,2400000.0,Medium,Fast
388,Rolls-Royce,Wraith,2021,6.6,624.0,642.0,4.4,330000.0,Extra Large,Fast
389,Tesla,Roadster,2022,4.0,,0.0,1.9,200000.0,Medium,Fast
393,Bentley,Continental GT,2022,4.0,542.0,568.0,3.9,207825.0,Medium,Fast
394,Dodge,Challenger SRT Hellcat,2021,6.2,717.0,656.0,3.5,64195.0,Extra Large,Fast
395,Jaguar,F-Type,2022,3.0,380.0,339.0,4.8,62250.0,Medium,Fast
396,Lexus,LC 500,2022,5.0,471.0,398.0,4.4,92000.0,Large,Fast
399,McLaren,570S,2022,3.8,562.0,443.0,2.9,204550.0,Medium,Fast
401,Tesla,Model S Plaid,2021,,1020.0,1050.0,1.9,141190.0,,Fast
402,Audi,RS 5,2021,2.9,444.0,443.0,3.5,75100.0,Medium,Fast
404,Chevrolet,Camaro ZL1,2021,6.2,650.0,650.0,3.5,64995.0,Extra Large,Fast
405,Dodge,Viper ACR,2017,8.4,645.0,600.0,3.3,126190.0,Extra Large,Fast
406,Ford,GT,2021,3.5,660.0,550.0,2.9,500000.0,Medium,Fast
407,Porsche,Taycan 4S,2022,2.5,482.0,472.0,3.8,102900.0,Medium,Fast
408,Lamborghini,Aventador S,2021,6.5,730.0,509.0,2.9,417650.0,Extra Large,Fast
409,Aston Martin,DB11,2021,5.2,630.0,516.0,3.5,205000.0,Large,Fast
410,Alfa Romeo,Giulia Quadrifoglio,2022,2.9,505.0,443.0,3.8,81250.0,Medium,Fast
411,Audi,RS7 Sportback,2022,4.0,591.0,590.0,3.5,115045.0,Medium,Fast
412,BMW,M4 Competition,2021,3.0,503.0,479.0,3.9,75695.0,Medium,Fast
413,Chevrolet,Camaro SS,2022,6.2,455.0,455.0,4.1,42000.0,Extra Large,Fast
414,Dodge,Charger Hellcat,2021,6.2,717.0,650.0,3.6,71490.0,Extra Large,Fast
416,Ford,GT,2021,3.5,660.0,550.0,2.8,500000.0,Medium,Fast
418,Koenigsegg,Jesko Absolut,2022,5.0,1600.0,1106.0,2.1,2800000.0,Large,Fast
419,Lexus,LC 500,2021,5.0,471.0,398.0,4.4,93050.0,Large,Fast
420,Lotus,Evija,2022,,1973.0,1254.0,2.5,2750000.0,,Fast
421,McLaren,GT,2022,4.0,612.0,465.0,3.2,210000.0,Medium,Fast
422,Mercedes-Benz,AMG GT Black Series,2021,4.0,720.0,590.0,3.2,326050.0,Medium,Fast
423,Porsche,Cayman GT4,2021,4.0,414.0,309.0,4.2,102500.0,Medium,Fast
424,Lamborghini,Aventador,2021,6.5,770.0,531.0,2.8,417650.0,Extra Large,Fast
425,Ferrari,Portofino,2021,3.9,591.0,560.0,3.3,218750.0,Medium,Fast
426,Audi,TT RS,2022,2.5,394.0,354.0,3.6,69000.0,Medium,Fast
427,McLaren,600LT Spider,2021,3.8,592.0,457.0,2.8,256500.0,Medium,Fast
429,Mercedes-Benz,AMG C 63,2022,4.0,503.0,516.0,3.8,70000.0,Medium,Fast
430,Chevrolet,Camaro SS 1LE,2021,6.2,455.0,455.0,4.0,44500.0,Extra Large,Fast
431,Ford,Mustang Mach 1,2021,5.0,480.0,420.0,4.0,51000.0,Large,Fast
432,Nissan,370Z Nismo,2021,3.7,350.0,276.0,5.2,45000.0,Medium,Medium
435,Koenigsegg,Jesko,2021,5.0,1262.0,1106.0,2.5,3000000.0,Large,Fast
436,Pagani,Huayra,2021,6.0,764.0,738.0,2.6,2600000.0,Large,Fast
437,McLaren,Speedtail,2021,4.0,1035.0,848.0,2.5,2300000.0,Medium,Fast
438,Lamborghini,Si√°n,2021,6.5,819.0,531.0,2.8,3600000.0,Extra Large,Fast
439,Rimac,C_Two,2021,,1914.0,1732.0,1.8,2400000.0,,Fast
440,Porsche,Cayman,2022,2.0,300.0,280.0,4.9,59900.0,Small,Fast
441,Lamborghini,Aventador,2021,6.5,770.0,531.0,2.8,393695.0,Extra Large,Fast
442,Ferrari,Portofino,2021,3.9,591.0,413.0,3.5,215000.0,Medium,Fast
443,Audi,RS 5,2022,2.9,444.0,443.0,3.7,75100.0,Medium,Fast
444,McLaren,GT,2021,4.0,620.0,465.0,3.1,210000.0,Medium,Fast
445,BMW,Z4 M40i,2022,3.0,382.0,369.0,4.3,63700.0,Medium,Fast
446,Mercedes-Benz,SLC 43,2020,3.0,385.0,384.0,4.6,62000.0,Medium,Fast
447,Chevrolet,Camaro SS,2022,6.2,455.0,455.0,4.3,42500.0,Extra Large,Fast
448,Ford,Mustang GT,2022,5.0,460.0,420.0,4.3,36120.0,Large,Fast
449,Nissan,370Z Nismo,2020,3.7,350.0,276.0,4.6,45790.0,Medium,Fast
450,Aston Martin,Vantage,2022,4.0,503.0,505.0,3.6,146000.0,Medium,Fast
451,Bentley,Continental GT,2021,4.0,626.0,664.0,3.3,220000.0,Medium,Fast
452,Porsche,718 Boxster,2022,2.0,300.0,280.0,4.9,62000.0,Small,Fast
454,Ferrari,F8 Spider,2021,3.9,710.0,568.0,2.9,280000.0,Medium,Fast
455,Audi,TT RS,2022,2.5,394.0,354.0,3.6,69900.0,Medium,Fast
456,McLaren,570S,2021,3.8,562.0,443.0,2.9,208800.0,Medium,Fast
457,BMW,M4,2022,3.0,473.0,406.0,4.0,72800.0,Medium,Fast
458,Porsche,718 Cayman,2022,2.0,300.0,280.0,4.9,60500.0,Small,Fast
459,Lamborghini,Aventador,2021,6.5,730.0,509.0,2.9,393695.0,Extra Large,Fast
461,Audi,RS5,2022,2.9,444.0,443.0,3.7,75100.0,Medium,Fast
462,McLaren,GT,2021,4.0,612.0,465.0,3.2,208800.0,Medium,Fast
464,Mercedes-Benz,SLS AMG,2015,6.2,622.0,468.0,3.6,229000.0,Extra Large,Fast
467,Nissan,370Z Nismo,2020,3.7,350.0,276.0,5.2,46200.0,Medium,Medium
468,Dodge,Challenger SRT Hellcat,2021,6.2,717.0,656.0,3.6,71000.0,Extra Large,Fast
469,Aston Martin,DBS Superleggera,2021,5.2,715.0,663.0,3.2,308000.0,Large,Fast
470,Alfa Romeo,Giulia Quadrifoglio,2022,2.9,505.0,443.0,3.8,80500.0,Medium,Fast
471,Jaguar,F-Type R,2021,5.0,575.0,516.0,3.5,105900.0,Large,Fast
472,Lotus,Evora GT,2020,3.5,416.0,317.0,3.8,96950.0,Medium,Fast
473,Maserati,GranTurismo,2019,4.7,454.0,384.0,4.7,150980.0,Large,Fast
474,Porsche,Panamera Turbo S,2022,4.0,630.0,604.0,2.9,180800.0,Medium,Fast
477,Lotus,Evora,2021,3.5,416.0,317.0,3.8,94000.0,Medium,Fast
478,Alfa Romeo,4C Spider,2020,1.7,237.0,258.0,4.1,67150.0,Small,Fast
479,Jaguar,F-Type,2022,3.0,380.0,339.0,4.9,70900.0,Medium,Fast
480,Maserati,GranTurismo,2021,4.7,454.0,384.0,4.7,134300.0,Large,Fast
482,Audi,RS5 Coupe,2022,2.9,444.0,443.0,3.7,76450.0,Medium,Fast
484,Chevrolet,Camaro ZL1,2022,6.2,650.0,650.0,3.5,64000.0,Extra Large,Fast
485,Dodge,Challenger SRT Hellcat,2022,6.2,717.0,656.0,3.5,61500.0,Extra Large,Fast
486,Ford,GT,2021,3.5,647.0,550.0,2.8,500000.0,Medium,Fast
488,McLaren,570S,2022,3.8,562.0,443.0,3.1,198950.0,Medium,Fast
489,Mercedes-AMG,C63 S Coupe,2021,4.0,503.0,516.0,3.7,77950.0,Medium,Fast
491,Porsche,718 Boxster,2021,2.0,300.0,280.0,4.9,62000.0,Small,Fast
492,Lamborghini,Aventador S,2021,6.5,729.0,507.0,2.9,417826.0,Extra Large,Fast
494,Audi,TT RS Coupe,2021,2.5,394.0,354.0,3.6,67600.0,Medium,Fast
495,BMW,M4 Coupe,2021,3.0,473.0,406.0,3.8,71800.0,Medium,Fast
497,Aston Martin,DBS Superleggera,2022,5.2,715.0,664.0,3.4,314500.0,Large,Fast
498,Bentley,Continental GT,2022,6.0,626.0,664.0,3.3,214425.0,Large,Fast
499,Bugatti,Chiron,2022,8.0,1500.0,1180.0,2.3,3000000.0,Extra Large,Fast
500,Dodge,Challenger SRT Hellcat,2022,6.2,717.0,656.0,3.5,71490.0,Extra Large,Fast
501,Jaguar,F-Type,2021,5.0,575.0,516.0,3.5,105900.0,Large,Fast
502,Koenigsegg,Jesko,2021,5.0,1280.0,1106.0,2.5,2800000.0,Large,Fast
504,Lotus,Evora GT,2021,3.5,416.0,317.0,3.8,104400.0,Medium,Fast
505,Maserati,GranTurismo,2022,4.7,454.0,384.0,4.7,150980.0,Large,Fast
508,Porsche,Cayman GT4,2022,4.0,414.0,309.0,4.2,102000.0,Medium,Fast
509,Rimac,C_Two,2021,,1914.0,1696.0,1.9,2400000.0,,Fast
510,Rolls-Royce,Wraith,2021,6.8,624.0,605.0,4.4,335550.0,Extra Large,Fast
511,Tesla,Model S Plaid,2021,,1020.0,1050.0,1.9,141990.0,,Fast
513,TVR,Griffith,2021,5.0,500.0,420.0,3.9,157500.0,Large,Fast
514,Ultima,RS,2021,6.2,1200.0,1300.0,2.3,220000.0,Extra Large,Fast
515,W Motors,Fenyr SuperSport,2022,3.8,800.0,723.0,2.7,1550000.0,Medium,Fast
516,Acura,NSX,2021,3.5,573.0,476.0,2.9,157500.0,Medium,Fast
517,Aston Martin,DBS Superleggera,2022,5.2,715.0,663.0,3.2,308000.0,Large,Fast
520,Dodge,Challenger SRT Hellcat,2021,6.2,717.0,656.0,3.5,65000.0,Extra Large,Fast
521,Jaguar,F-Type,2021,3.0,380.0,339.0,4.9,63100.0,Medium,Fast
523,Lotus,Evija,2022,,1973.0,1254.0,2.5,2600000.0,,Fast
525,Porsche,Taycan,2021,,616.0,774.0,2.6,185000.0,,Fast
526,Rimac,C_Two,2022,,1914.0,1696.0,1.9,2400000.0,,Fast
527,Tesla,Model S Plaid,2022,,1020.0,1050.0,1.98,140000.0,,Fast
529,Mercedes-Benz,AMG GT Black Series,2021,4.0,720.0,590.0,3.1,325000.0,Medium,Fast
531,Ford,GT,2021,3.5,647.0,550.0,3.0,500000.0,Medium,Fast
532,Aston Martin,DBS Superleggera,2021,5.2,715.0,664.0,3.4,307820.0,Large,Fast
534,Dodge,Challenger SRT Hellcat Redeye,2021,6.2,797.0,707.0,3.5,80190.0,Extra Large,Fast
536,Alfa Romeo,4C Spider,2020,1.8,237.0,258.0,4.1,68745.0,Small,Fast
537,Subaru,WRX STI,2022,2.5,310.0,290.0,5.2,38170.0,Medium,Medium
540,Tesla,Model S Plaid,2022,,1020.0,1050.0,1.98,139990.0,,Fast
541,Bugatti,Chiron Super Sport 300+,2022,8.0,1578.0,1180.0,2.3,5200000.0,Extra Large,Fast
542,McLaren,Senna,2020,4.0,789.0,590.0,2.7,1500000.0,Medium,Fast
543,Porsche,Taycan Turbo S,2022,,750.0,774.0,2.6,185000.0,,Fast
546,Chevrolet,Camaro ZL1,2022,6.2,650.0,650.0,3.5,65000.0,Extra Large,Fast
547,Audi,RS 7 Sportback,2022,4.0,591.0,590.0,3.5,114000.0,Medium,Fast
550,Porsche,Cayman GT4,2022,4.0,414.0,309.0,4.2,102550.0,Medium,Fast
551,Lamborghini,Aventador,2022,6.5,770.0,531.0,2.8,393695.0,Extra Large,Fast
555,Lamborghini,Aventador S,2022,6.5,729.0,507.0,2.9,460247.0,Extra Large,Fast
557,Audi,RS 6 Avant,2022,4.0,591.0,590.0,3.1,110045.0,Medium,Fast
560,Mercedes-Benz,AMG C 63 S,2021,4.0,503.0,516.0,3.7,77400.0,Medium,Fast
564,Nissan,370Z Nismo,2020,3.7,350.0,276.0,5.0,46815.0,Medium,Medium
566,Audi,TT RS,2021,2.5,394.0,354.0,3.6,67895.0,Medium,Fast
567,Chevrolet,Corvette Z06,2023,5.5,625.0,650.0,2.6,85000.0,Large,Fast
568,Lamborghini,Urus,2022,4.0,641.0,626.0,3.2,218009.0,Medium,Fast
569,Mercedes-Benz,AMG GT 63 S,2021,4.0,630.0,664.0,3.1,162900.0,Medium,Fast
570,Ferrari,Portofino M,2022,3.9,612.0,560.0,3.5,245000.0,Medium,Fast
571,Bugatti,Chiron,2021,8.0,1479.0,1180.0,2.5,3000000.0,Extra Large,Fast
574,Porsche,Cayman GT4,2022,4.0,414.0,309.0,4.2,100200.0,Medium,Fast
577,Alfa Romeo,Giulia Quadrifoglio,2021,2.9,505.0,443.0,3.8,74750.0,Medium,Fast
579,Bentley,Continental GT,2021,6.0,626.0,664.0,3.3,218400.0,Large,Fast
580,BMW,M5,2021,4.4,600.0,553.0,3.2,103500.0,Large,Fast
582,Dodge,Challenger Hellcat,2021,6.2,717.0,656.0,3.5,70595.0,Extra Large,Fast
583,Ford,GT,2022,3.5,647.0,550.0,3.0,500000.0,Medium,Fast
586,McLaren,570S,2021,3.8,562.0,443.0,3.1,203500.0,Medium,Fast
587,Mercedes-Benz,SLS AMG,2015,6.2,583.0,479.0,3.6,221580.0,Extra Large,Fast
588,Nissan,370Z Nismo,2020,3.7,350.0,276.0,4.7,47190.0,Medium,Fast
589,Porsche,Boxster,2021,2.0,300.0,280.0,4.9,62000.0,Small,Fast
590,Porsche,718 Cayman,2022,2.0,300.0,280.0,4.9,61500.0,Small,Fast
591,Lamborghini,Aventador,2021,6.5,759.0,531.0,2.9,393695.0,Extra Large,Fast
592,Ferrari,Roma,2021,3.9,612.0,561.0,3.3,222630.0,Medium,Fast
593,Audi,RS 5,2022,2.9,444.0,442.0,3.5,75400.0,Medium,Fast
594,McLaren,570S,2020,3.8,562.0,443.0,3.1,208000.0,Medium,Fast
595,BMW,M2,2022,3.0,405.0,406.0,4.2,58900.0,Medium,Fast
596,Mercedes-Benz,SL,2022,3.0,429.0,384.0,4.9,96250.0,Medium,Fast
597,Chevrolet,Camaro,2021,6.2,455.0,455.0,4.0,25000.0,Extra Large,Fast
603,Porsche,Panamera,2022,2.9,325.0,331.0,5.2,88550.0,Medium,Medium
606,Audi,RS 6,2022,4.0,591.0,590.0,3.5,109000.0,Medium,Fast
608,Porsche,Taycan 4S,2021,,429.0,472.0,3.8,103800.0,,Fast
611,Audi,RS 7,2022,4.0,591.0,590.0,3.5,117000.0,Medium,Fast
613,BMW,M4,2021,3.0,473.0,406.0,4.0,72800.0,Medium,Fast
614,Mercedes-Benz,SLS AMG,2015,6.2,622.0,468.0,3.5,228000.0,Extra Large,Fast
617,Nissan,370Z Nismo,2021,3.7,350.0,276.0,5.0,48000.0,Medium,Medium
618,Aston Martin,DBS Superleggera,2021,5.2,715.0,664.0,3.2,307820.0,Large,Fast
619,Lexus,LC 500,2021,5.0,471.0,398.0,4.4,93000.0,Large,Fast
620,Bentley,Continental GT,2021,4.0,626.0,664.0,3.3,202500.0,Medium,Fast
622,Tesla,Model S Plaid,2022,,1020.0,1050.0,1.98,131190.0,,Fast
623,Rolls-Royce,Dawn,2021,6.6,563.0,605.0,4.3,346300.0,Extra Large,Fast
624,Bugatti,Chiron Pur Sport,2021,8.0,1500.0,1180.0,2.3,3599000.0,Extra Large,Fast
625,McLaren,Senna,2019,4.0,789.0,590.0,2.7,1050000.0,Medium,Fast
626,Porsche,Panamera Turbo S E-Hybrid,2021,,690.0,641.0,3.0,186350.0,,Fast
628,Aston Martin,DB11,2021,4.0,503.0,498.0,3.7,205600.0,Medium,Fast
630,Bentley,Continental GT,2021,6.0,626.0,664.0,3.6,201000.0,Large,Fast
631,Bugatti,Chiron,2021,8.0,1500.0,1180.0,2.5,3000000.0,Extra Large,Fast
632,Chevrolet,Camaro ZL1,2022,6.2,650.0,650.0,3.5,67000.0,Extra Large,Fast
633,Dodge,Challenger Hellcat,2021,6.2,717.0,656.0,3.5,64000.0,Extra Large,Fast
634,Ferrari,812 Superfast,2021,6.5,789.0,530.0,2.8,340000.0,Extra Large,Fast
635,Lamborghini,Aventador SVJ,2021,6.5,770.0,531.0,2.8,517770.0,Extra Large,Fast
637,Mercedes-AMG,GT Black Series,2021,4.0,720.0,590.0,3.1,325000.0,Medium,Fast
638,Nissan,400Z,2023,3.0,400.0,350.0,4.0,40000.0,Medium,Fast
639,Porsche,Cayman GT4,2021,4.0,414.0,309.0,4.2,101000.0,Medium,Fast
640,Rimac,Nevera,2021,,1914.0,1696.0,1.9,2400000.0,,Fast
642,Tesla,Model S Plaid,2021,,1020.0,590.0,1.9,139990.0,,Fast
643,Toyota,Supra,2021,3.0,382.0,368.0,3.9,43000.0,Medium,Fast
650,BMW,M2,2022,3.0,405.0,406.0,4.1,58900.0,Medium,Fast
654,Nissan,370Z Nismo,2021,3.7,350.0,276.0,4.8,45000.0,Medium,Fast
655,Dodge,Charger Hellcat,2021,6.2,707.0,650.0,3.6,69995.0,Extra Large,Fast
656,Aston Martin,DBS Superleggera,2021,5.2,715.0,663.0,3.2,305000.0,Large,Fast
657,Alfa Romeo,Giulia Quadrifoglio,2021,2.9,505.0,443.0,3.8,75000.0,Medium,Fast
658,Audi,TT RS,2021,2.5,394.0,354.0,3.6,68000.0,Medium,Fast
659,Bentley,Continental GT,2021,6.0,626.0,664.0,3.6,203825.0,Large,Fast
661,Chevrolet,Corvette Stingray,2021,6.2,495.0,470.0,2.9,58900.0,Extra Large,Fast
662,Dodge,Challenger SRT Hellcat,2021,6.2,717.0,656.0,3.5,63000.0,Extra Large,Fast
663,Ford,Mustang GT,2022,5.0,460.0,420.0,4.0,45000.0,Large,Fast
666,Ferrari,Roma,2022,3.9,612.0,560.0,3.3,222630.0,Medium,Fast
668,McLaren,570S,2021,3.8,562.0,443.0,2.7,204995.0,Medium,Fast
669,BMW,M4,2022,3.0,473.0,406.0,4.1,71800.0,Medium,Fast
670,Mercedes-Benz,SLS AMG,2021,6.2,622.0,468.0,3.5,243600.0,Extra Large,Fast
673,Nissan,370Z Nismo,2021,3.7,350.0,276.0,5.0,47190.0,Medium,Medium
677,Audi,RS6,2022,4.0,591.0,590.0,3.5,113000.0,Medium,Fast
680,Mercedes-Benz,GT 63,2021,4.0,577.0,590.0,3.3,161200.0,Medium,Fast
682,Aston Martin,DBS Superleggera,2021,5.2,715.0,663.0,3.2,310000.0,Large,Fast
685,Pagani,Huayra,2021,6.0,764.0,737.0,3.0,2600000.0,Large,Fast
686,Rimac,C_Two,2022,4.0,1914.0,1696.0,1.85,2400000.0,Medium,Fast
687,McLaren,Senna,2021,4.0,789.0,590.0,2.7,1000000.0,Medium,Fast
688,Porsche,918 Spyder,2015,4.6,887.0,944.0,2.2,1800000.0,Large,Fast
690,Lamborghini,Aventador SVJ,2020,6.5,759.0,531.0,2.8,517000.0,Extra Large,Fast
691,Audi,RS 6 Avant,2021,4.0,591.0,590.0,3.5,110000.0,Medium,Fast
692,Bentley,Continental GT Speed,2022,6.0,650.0,664.0,3.5,300000.0,Large,Fast
693,Chevrolet,Camaro ZL1,2021,6.2,650.0,650.0,3.5,68000.0,Extra Large,Fast
697,Lotus,Evija,2022,4.0,1972.0,1254.0,2.5,2700000.0,Medium,Fast
698,Mercedes-AMG,GT Black Series,2021,4.0,720.0,590.0,3.1,330000.0,Medium,Fast
699,Aston Martin,DB11,2021,4.0,503.0,513.0,3.9,205000.0,Medium,Fast
700,Bentley,Continental GT,2022,4.0,542.0,568.0,3.9,229000.0,Medium,Fast
702,Lotus,Evora GT,2021,3.5,416.0,317.0,3.8,100000.0,Medium,Fast
703,Maserati,GranTurismo,2021,4.7,454.0,384.0,4.7,135000.0,Large,Fast
704,Porsche,Boxster,2022,2.0,300.0,280.0,4.9,63000.0,Small,Fast
705,Alfa Romeo,4C,2020,1.8,237.0,258.0,4.2,67150.0,Small,Fast
706,Chevrolet,Camaro,2022,6.2,455.0,455.0,4.0,62195.0,Extra Large,Fast
707,Dodge,Challenger,2022,3.6,305.0,268.0,6.4,28000.0,Medium,Medium
712,Mercedes-Benz,AMG C 63,2021,4.0,469.0,479.0,3.8,69900.0,Medium,Fast
713,Nissan,370Z,2021,3.7,350.0,276.0,5.3,30090.0,Medium,Medium
714,Porsche,Cayman,2022,2.0,300.0,280.0,4.9,68000.0,Small,Fast
715,BMW,i8,2022,1.5,369.0,184.0,4.2,147500.0,Small,Fast
718,Lamborghini,Aventador S,2021,6.5,729.0,507.0,2.9,417650.0,Extra Large,Fast
720,Audi,RS7,2022,4.0,591.0,590.0,3.5,115000.0,Medium,Fast
721,McLaren,GT,2022,4.0,620.0,465.0,3.1,208000.0,Medium,Fast
723,Mercedes-Benz,SLS AMG,2021,4.0,730.0,590.0,2.9,250000.0,Medium,Fast
726,Nissan,370Z Nismo,2021,3.7,350.0,276.0,5.0,46100.0,Medium,Medium
727,Porsche,Panamera Turbo S,2022,4.0,630.0,604.0,3.1,180000.0,Medium,Fast
729,Ferrari,Portofino,2022,3.9,591.0,561.0,3.4,250000.0,Medium,Fast
730,Audi,TT RS,2022,2.5,394.0,354.0,3.6,70000.0,Medium,Fast
731,McLaren,570S,2021,3.8,562.0,443.0,3.1,200000.0,Medium,Fast
732,BMW,i8,2022,,369.0,184.0,4.2,148500.0,,Fast
735,Ferrari,Portofino,2022,3.9,612.0,561.0,3.3,245000.0,Medium,Fast
736,Audi,TT RS,2022,2.5,394.0,354.0,3.6,67800.0,Medium,Fast
737,McLaren,GT,2022,4.0,620.0,465.0,3.1,211300.0,Medium,Fast
739,Mercedes-Benz,SLS AMG,2015,6.2,622.0,468.0,3.5,222500.0,Extra Large,Fast
740,Chevrolet,Camaro SS,2022,6.2,455.0,455.0,4.0,43995.0,Extra Large,Fast
743,Porsche,911 Turbo S,2022,3.8,640.0,590.0,2.6,208000.0,Medium,Fast
747,BMW,M5 Competition,2022,4.4,617.0,553.0,3.1,103500.0,Large,Fast
749,Aston Martin,Vantage,2022,4.0,503.0,505.0,3.5,152995.0,Medium,Fast
750,Ferrari,F8 Spider,2021,3.9,710.0,568.0,2.9,274280.0,Medium,Fast
751,Lexus,LC 500,2022,5.0,471.0,398.0,4.4,102550.0,Large,Fast
752,Porsche,Taycan,2022,4.0,469.0,479.0,3.8,79900.0,Medium,Fast
755,Audi,RS6 Avant,2021,4.0,591.0,590.0,3.5,109000.0,Medium,Fast
757,BMW,M4,2022,3.0,473.0,406.0,3.8,71800.0,Medium,Fast
758,Mercedes-Benz,AMG GT R,2021,4.0,577.0,516.0,3.5,180000.0,Medium,Fast
762,Porsche,Panamera Turbo S E-Hybrid,2021,4.0,690.0,642.0,3.0,190000.0,Medium,Fast
763,Lamborghini,Urus,2021,4.0,641.0,627.0,3.5,218000.0,Medium,Fast
764,Ferrari,Portofino M,2021,3.9,612.0,561.0,3.4,235000.0,Medium,Fast
765,Audi,TT RS,2022,2.5,394.0,354.0,3.6,67600.0,Medium,Fast
768,Mercedes-Benz,SLS AMG Black Series,2021,6.2,622.0,468.0,3.5,335000.0,Extra Large,Fast
770,Porsche,718 Boxster,2022,2.0,300.0,280.0,4.9,63000.0,Small,Fast
771,Lamborghini,Aventador SVJ,2020,6.5,759.0,531.0,2.8,573966.0,Extra Large,Fast
773,Audi,TT RS Coupe,2022,2.5,394.0,354.0,3.5,68000.0,Medium,Fast
774,McLaren,GT,2020,4.0,612.0,465.0,3.1,210000.0,Medium,Fast
775,BMW,Z4 Roadster,2022,2.0,255.0,295.0,5.2,50000.0,Small,Medium
776,Mercedes-Benz,SLS AMG,2015,6.2,622.0,468.0,3.6,200000.0,Extra Large,Fast
777,Chevrolet,Camaro SS Convertible,2022,6.2,455.0,455.0,4.0,49000.0,Extra Large,Fast
779,Nissan,370Z Coupe,2020,3.7,332.0,270.0,5.0,30090.0,Medium,Medium
780,Aston Martin,Vantage,2021,4.0,503.0,505.0,3.6,142086.0,Medium,Fast
781,Bentley,Continental GT,2022,6.0,626.0,664.0,3.3,225000.0,Large,Fast
782,Bugatti,Chiron,2021,8.0,1479.0,1180.0,2.4,3000000.0,Extra Large,Fast
783,Dodge,Challenger SRT Hellcat,2022,6.2,717.0,656.0,3.5,68000.0,Extra Large,Fast
784,Jaguar,F-Type,2022,2.0,296.0,295.0,5.4,63700.0,Small,Medium
788,Lotus,Evora GT,2021,3.5,416.0,317.0,3.8,98395.0,Medium,Fast
789,Porsche,Panamera Turbo S E-Hybrid,2021,4.0,689.0,642.0,3.0,190000.0,Medium,Fast
790,Lamborghini,Aventador SVJ,2021,6.5,759.0,531.0,2.8,517000.0,Extra Large,Fast
793,Mercedes-Benz,S63 AMG,2021,4.0,603.0,664.0,3.4,168000.0,Medium,Fast
794,Chevrolet,Camaro ZL1,2021,6.2,650.0,650.0,3.5,64500.0,Extra Large,Fast
796,Nissan,370Z Nismo,2021,3.7,350.0,276.0,4.7,46000.0,Medium,Fast
797,Porsche,718 Cayman GT4,2022,4.0,414.0,309.0,4.2,102000.0,Medium,Fast
798,Mercedes-AMG,C63 S Coupe,2021,4.0,503.0,516.0,3.7,77500.0,Medium,Fast
799,Aston Martin,Vantage,2021,4.0,503.0,505.0,3.5,147000.0,Medium,Fast
800,McLaren,570S,2021,3.8,562.0,443.0,3.1,193000.0,Medium,Fast
802,Dodge,Challenger SRT Hellcat,2021,6.2,717.0,656.0,3.5,64000.0,Extra Large,Fast
804,Mercedes-AMG,GT 63 S,2021,4.0,630.0,664.0,3.1,162000.0,Medium,Fast
810,Audi,RS 5,2022,2.9,444.0,443.0,3.5,76700.0,Medium,Fast
811,McLaren,570S Spider,2020,3.8,562.0,443.0,3.1,208800.0,Medium,Fast
812,BMW,M2 Competition,2022,3.0,405.0,406.0,4.2,58900.0,Medium,Fast
813,Mercedes-Benz,C 63 AMG,2022,4.0,469.0,479.0,3.9,69000.0,Medium,Fast
815,Ford,Mustang GT,2022,5.0,460.0,420.0,4.5,43000.0,Large,Fast
816,Dodge,Challenger R/T,2021,5.7,372.0,400.0,5.1,35000.0,Large,Medium
817,Aston Martin,Vantage,2021,4.0,503.0,505.0,3.6,151000.0,Medium,Fast
819,Alfa Romeo,4C Spider,2020,1.7,237.0,258.0,4.1,69000.0,Small,Fast
820,Jaguar,F-Type,2022,2.0,296.0,295.0,5.4,62500.0,Small,Medium
821,Tesla,Roadster,2022,,1000.0,737.0,1.9,200000.0,,Fast
823,Bugatti,Chiron Super Sport 300+,2021,8.0,1578.0,1180.0,2.4,5200000.0,Extra Large,Fast
824,Rimac,Nevera,2021,,1914.0,1696.0,1.85,2400000.0,,Fast
826,Chevrolet,Camaro ZL1,2022,6.2,650.0,650.0,3.5,63000.0,Extra Large,Fast
827,Aston Martin,Vantage,2021,4.0,503.0,505.0,3.5,142086.0,Medium,Fast
828,Alfa Romeo,Giulia Quadrifoglio,2022,2.9,505.0,443.0,3.8,83250.0,Medium,Fast
831,Audi,RS 7 Sportback,2021,4.0,591.0,590.0,3.5,114000.0,Medium,Fast
832,BMW,M4 Competition,2022,3.0,503.0,479.0,3.8,74700.0,Medium,Fast
833,Mercedes-Benz,C63 S AMG,2022,4.0,503.0,516.0,3.9,77600.0,Medium,Fast
836,Porsche,Panamera Turbo S,2022,4.0,630.0,604.0,2.9,181100.0,Medium,Fast
837,Lamborghini,Aventador S,2021,6.5,730.0,507.0,2.9,417826.0,Extra Large,Fast
838,Aston Martin,DBS Superleggera,2022,5.2,715.0,664.0,3.2,329100.0,Large,Fast
840,Mercedes-Benz,AMG C43 Coupe,2021,3.0,385.0,384.0,4.5,59900.0,Medium,Fast
842,Chevrolet,Corvette Stingray,2021,6.2,490.0,465.0,2.9,59900.0,Extra Large,Fast
843,Porsche,Taycan,2022,,469.0,263.0,3.8,81250.0,,Fast
844,Lamborghini,Aventador,2021,6.5,730.0,509.0,2.9,517000.0,Extra Large,Fast
845,Ferrari,Roma,2021,3.9,611.0,560.0,3.3,222620.0,Medium,Fast
849,Mercedes-Benz,C63 AMG,2021,4.0,469.0,479.0,3.9,77000.0,Medium,Fast
850,Chevrolet,Camaro SS,2021,6.2,455.0,455.0,4.1,43995.0,Extra Large,Fast
851,Ford,Mustang Mach 1,2021,5.0,480.0,420.0,4.1,51720.0,Large,Fast
852,Nissan,370Z Nismo,2021,3.7,350.0,276.0,4.8,46610.0,Medium,Fast
853,Porsche,Panamera,2022,2.9,325.0,331.0,5.3,88550.0,Medium,Medium
855,Ferrari,SF90 Stradale,2021,,986.0,590.0,2.5,625000.0,,Fast
856,Audi,RS6,2022,4.0,591.0,590.0,3.5,120000.0,Medium,Fast
858,BMW,M4,2022,3.0,503.0,479.0,3.8,74000.0,Medium,Fast
859,Mercedes-Benz,AMG A45,2021,2.0,382.0,354.0,4.0,50000.0,Small,Fast
860,Chevrolet,Camaro ZL1,2021,6.2,650.0,650.0,3.5,63995.0,Extra Large,Fast
863,Bentley,Continental GT,2021,4.0,542.0,568.0,3.3,202500.0,Medium,Fast
864,Bugatti,Chiron,2022,8.0,1479.0,1180.0,2.4,2900000.0,Extra Large,Fast
865,Ferrari,F8 Tributo,2022,3.9,710.0,568.0,2.8,275000.0,Medium,Fast
867,McLaren,GT,2021,4.0,612.0,465.0,3.1,201500.0,Medium,Fast
873,Dodge,Challenger SRT Hellcat Redeye,2022,6.2,797.0,707.0,3.5,80190.0,Extra Large,Fast
875,Jaguar,F-Type,2021,3.0,380.0,339.0,4.4,62750.0,Medium,Fast
876,Lexus,LC 500,2021,5.0,471.0,398.0,4.4,92000.0,Large,Fast
877,Lotus,Evija,2021,,2000.0,1254.0,2.8,2800000.0,,Fast
878,Maserati,GranTurismo,2021,,550.0,590.0,2.8,200000.0,,Fast
880,Rolls-Royce,Ghost,2021,6.8,563.0,627.0,4.6,332500.0,Extra Large,Fast
881,Porsche,Taycan,2021,2.0,402.0,254.0,5.1,81250.0,Small,Medium
882,Aston Martin,DB11,2021,4.0,630.0,516.0,3.7,198995.0,Medium,Fast
885,Tesla,Roadster,2022,0.0,,,1.9,200000.0,,Fast
886,Chevrolet,Camaro,2022,6.2,455.0,455.0,4.0,25000.0,Extra Large,Fast
887,Dodge,Charger,2021,6.2,797.0,707.0,3.3,72000.0,Extra Large,Fast
888,Jaguar,F-Type,2021,3.0,380.0,339.0,4.9,62750.0,Medium,Fast
894,Mercedes-Benz,SLS AMG,2021,6.2,622.0,468.0,3.6,254995.0,Extra Large,Fast
895,Nissan,370Z,2021,3.7,332.0,270.0,5.2,30000.0,Medium,Medium
896,Audi,RS 7,2021,4.0,591.0,590.0,3.4,114000.0,Medium,Fast
897,Bentley,Continental GT,2021,4.0,542.0,568.0,3.9,220000.0,Medium,Fast
898,Bugatti,Chiron,2021,8.0,,,2.4,3000000.0,Extra Large,Fast
899,Porsche,Cayman,2022,2.0,300.0,280.0,4.5,59900.0,Small,Fast
902,Audi,RS 5,2022,2.9,444.0,443.0,3.5,75100.0,Medium,Fast
904,Dodge,Challenger SRT Hellcat,2021,6.2,717.0,656.0,3.5,60695.0,Extra Large,Fast
905,Ferrari,F8 Spider,2022,3.9,710.0,568.0,2.9,274390.0,Medium,Fast
906,Jaguar,F-Type,2021,3.0,296.0,295.0,5.4,64700.0,Medium,Medium
907,Lamborghini,Aventador,2021,6.5,759.0,531.0,2.9,517770.0,Extra Large,Fast
909,Lotus,Evora GT,2021,3.5,416.0,317.0,3.8,99990.0,Medium,Fast
910,Maserati,GranTurismo,2021,4.7,454.0,384.0,4.7,150800.0,Large,Fast
912,Mercedes-Benz,AMG C 63,2021,4.0,469.0,479.0,3.8,67600.0,Medium,Fast
913,Nissan,370Z Nismo,2021,3.7,350.0,276.0,4.5,45790.0,Medium,Fast
914,Porsche,Panamera,2022,2.9,325.0,331.0,5.3,88800.0,Medium,Medium
915,Subaru,WRX STI,2021,2.5,310.0,290.0,5.2,38170.0,Medium,Medium
916,Tesla,Roadster,2022,4.0,,590.0,1.9,200000.0,Medium,Fast
918,Lamborghini,Aventador,2021,6.5,729.0,509.0,2.9,393695.0,Extra Large,Fast
920,Audi,RS5 Coupe,2022,2.9,444.0,443.0,3.5,76350.0,Medium,Fast
921,McLaren,570S,2021,3.8,562.0,443.0,3.1,202000.0,Medium,Fast
923,Mercedes-Benz,SL,2022,3.0,429.0,384.0,4.4,96000.0,Medium,Fast
926,Nissan,370Z,2021,3.7,332.0,270.0,5.3,33000.0,Medium,Medium
927,Alfa Romeo,Giulia Quadrifoglio,2021,2.9,505.0,443.0,3.8,75250.0,Medium,Fast
928,Aston Martin,DB11,2022,4.0,630.0,516.0,3.7,201495.0,Medium,Fast
929,Bentley,Continental GT,2021,6.0,626.0,664.0,3.3,201000.0,Large,Fast
930,Dodge,Challenger,2021,6.4,485.0,475.0,3.8,62000.0,Extra Large,Fast
933,Lotus,Evora GT,2021,3.5,416.0,317.0,3.8,99000.0,Medium,Fast
934,Maserati,GranTurismo,2021,4.7,454.0,384.0,4.7,150000.0,Large,Fast
936,Aston Martin,Vantage,2022,4.0,503.0,505.0,3.5,149995.0,Medium,Fast
937,Dodge,Charger SRT Hellcat,2022,6.2,717.0,650.0,3.5,78595.0,Extra Large,Fast
939,Chevrolet,Camaro SS,2022,6.2,455.0,455.0,4.1,37500.0,Extra Large,Fast
940,Ford,Mustang GT,2022,5.0,460.0,420.0,4.0,38500.0,Large,Fast
943,McLaren,570S,2021,3.8,562.0,443.0,3.1,208800.0,Medium,Fast
944,Mercedes-Benz,AMG C63,2022,4.0,469.0,479.0,3.8,71450.0,Medium,Fast
945,Nissan,370Z Nismo,2021,3.7,350.0,276.0,4.9,47820.0,Medium,Fast
946,Porsche,Panamera GTS,2021,4.0,473.0,457.0,3.9,134150.0,Medium,Fast
948,BMW,M4,2021,3.0,473.0,406.0,3.8,71800.0,Medium,Fast
950,Lamborghini,Aventador,2021,6.5,770.0,531.0,2.9,393695.0,Extra Large,Fast
951,McLaren,GT,2021,4.0,612.0,465.0,3.1,250000.0,Medium,Fast
952,Mercedes-Benz,AMG GT 4-Door Coupe,2021,4.0,630.0,664.0,3.1,171200.0,Medium,Fast
953,Aston Martin,DBS Superleggera,2022,5.2,715.0,663.0,3.4,321000.0,Large,Fast
954,Lotus,Evora GT,2021,3.5,416.0,317.0,3.8,100500.0,Medium,Fast
956,McLaren,570S,2021,3.8,562.0,443.0,3.1,195000.0,Medium,Fast
959,Audi,RS7 Sportback,2022,4.0,591.0,590.0,3.5,114000.0,Medium,Fast
961,Mercedes-AMG,C63 S,2022,4.0,503.0,516.0,3.7,78100.0,Medium,Fast
963,Dodge,Charger Hellcat,2021,6.2,717.0,650.0,3.6,70000.0,Extra Large,Fast
964,Alfa Romeo,Giulia Quadrifoglio,2021,2.9,505.0,443.0,3.8,78450.0,Medium,Fast
965,Tesla,Model S Plaid,2022,,,,1.9,141190.0,,Fast
967,Porsche,Panamera Turbo S E-Hybrid,2021,,689.0,642.0,3.0,190000.0,,Fast
970,Ford,Mustang Mach 1,2021,5.0,480.0,420.0,4.0,52915.0,Large,Fast
982,Aston Martin,Vantage,2021,4.0,503.0,505.0,3.6,147000.0,Medium,Fast
983,Bugatti,Chiron,2022,8.0,1500.0,1180.0,2.5,3900000.0,Extra Large,Fast
985,Pagani,Huayra,2021,6.0,764.0,740.0,2.8,2600000.0,Large,Fast
987,Lotus,Evija,2022,,1973.0,1254.0,2.5,2000000.0,,Fast
988,Pininfarina,Battista,2021,,1872.0,1696.0,1.9,2500000.0,,Fast
989,Maserati,MC20,2021,3.0,621.0,538.0,2.9,210000.0,Medium,Fast
990,Porsche,Cayman,2021,2.0,300.0,280.0,5.1,59900.0,Small,Medium
994,McLaren,GT,2022,4.0,612.0,465.0,3.1,210000.0,Medium,Fast
995,BMW,M2,2021,3.0,405.0,406.0,4.0,58900.0,Medium,Fast
996,Mercedes-Benz,SLS AMG,2021,6.3,622.0,468.0,3.6,254500.0,Extra Large,Fast
998,Ford,Mustang,2021,2.3,310.0,350.0,5.3,27205.0,Medium,Medium
999,Nissan,370Z,2021,3.7,332.0,270.0,5.1,30090.0,Medium,Medium
1002,Koenigsegg,Jesko,2022,5.0,1280.0,1106.0,2.5,3000000.0,Large,Fast
1003,Lotus,Evija,2021,,1972.0,1254.0,2.0,2000000.0,,Fast
1005,Pagani,Huayra,2021,6.0,764.0,738.0,3.0,2600000.0,Large,Fast
1006,Rimac,Nevera,2021,,1888.0,1696.0,1.85,2400000.0,,Fast
